image,aadhar
aadhar1.png,1
aadhar10.png,1
aadhar100.png,1
aadhar101.png,1
aadhar102.png,1
aadhar103.png,1
aadhar104.png,1
aadhar105.png,1
aadhar106.png,1
aadhar107.png,1
aadhar108.png,1
aadhar109.png,1
aadhar11.png,1
aadhar110.png,1
aadhar111.png,1
aadhar112.png,1
aadhar113.png,1
aadhar114.png,1
aadhar115.png,1
aadhar116.png,1
aadhar117.png,1
aadhar118.png,1
aadhar119.png,1
aadhar12.png,1
aadhar120.png,1
aadhar121.png,1
aadhar122.png,1
aadhar123.png,1
aadhar124.png,1
aadhar125.png,1
aadhar126.png,1
aadhar127.png,1
aadhar128.png,1
aadhar129.png,1
aadhar13.png,1
aadhar130.png,1
aadhar131.png,1
aadhar132.png,1
aadhar133.png,1
aadhar134.png,1
aadhar135.png,1
aadhar136.png,1
aadhar137.png,1
aadhar138.png,1
aadhar139.png,1
aadhar14.png,1
aadhar140.png,1
aadhar141.png,1
aadhar142.png,1
aadhar143.png,1
aadhar144.png,1
aadhar145.png,1
aadhar146.png,1
aadhar147.png,1
aadhar148.png,1
aadhar149.png,1
aadhar15.png,1
aadhar150.png,1
aadhar151.png,1
aadhar152.png,1
aadhar153.png,1
aadhar154.png,1
aadhar155.png,1
aadhar156.png,1
aadhar157.png,1
aadhar158.png,1
aadhar159.png,1
aadhar16.png,1
aadhar160.png,1
aadhar161.png,1
aadhar162.png,1
aadhar163.png,1
aadhar164.png,1
aadhar165.png,1
aadhar166.png,1
aadhar167.png,1
aadhar168.png,1
aadhar169.png,1
aadhar17.png,1
aadhar170.png,1
aadhar171.png,1
aadhar172.png,1
aadhar173.png,1
aadhar174.png,1
aadhar175.png,1
aadhar176.png,1
aadhar177.png,1
aadhar178.png,1
aadhar179.png,1
aadhar18.png,1
aadhar180.png,1
aadhar181.png,1
aadhar182.png,1
aadhar183.png,1
aadhar19.png,1
aadhar2.png,1
aadhar20.png,1
aadhar21.png,1
aadhar22.png,1
aadhar23.png,1
aadhar24.png,1
aadhar25.png,1
aadhar26.png,1
aadhar27.png,1
aadhar28.png,1
aadhar29.png,1
aadhar3.png,1
aadhar30.png,1
aadhar31.png,1
aadhar32.png,1
aadhar33.png,1
aadhar34.png,1
aadhar35.png,1
aadhar36.png,1
aadhar37.png,1
aadhar38.png,1
aadhar39.png,1
aadhar4.png,1
aadhar40.png,1
aadhar41.png,1
aadhar42.png,1
aadhar43.png,1
aadhar44.png,1
aadhar45.png,1
aadhar46.png,1
aadhar47.png,1
aadhar48.png,1
aadhar49.png,1
aadhar5.png,1
aadhar50.png,1
aadhar51.png,1
aadhar52.png,1
aadhar53.png,1
aadhar54.png,1
aadhar55.png,1
aadhar56.png,1
aadhar57.png,1
aadhar58.png,1
aadhar59.png,1
aadhar6.png,1
aadhar60.png,1
aadhar61.png,1
aadhar62.png,1
aadhar63.png,1
aadhar64.png,1
aadhar65.png,1
aadhar66.png,1
aadhar67.png,1
aadhar68.png,1
aadhar69.png,1
aadhar7.png,1
aadhar70.png,1
aadhar71.png,1
aadhar72.png,1
aadhar73.png,1
aadhar74.png,1
aadhar75.png,1
aadhar76.png,1
aadhar77.png,1
aadhar78.png,1
aadhar79.png,1
aadhar8.png,1
aadhar80.png,1
aadhar81.png,1
aadhar82.png,1
aadhar83.png,1
aadhar84.png,1
aadhar85.png,1
aadhar86.png,1
aadhar87.png,1
aadhar88.png,1
aadhar89.png,1
aadhar9.png,1
aadhar90.png,1
aadhar91.png,1
aadhar92.png,1
aadhar93.png,1
aadhar94.png,1
aadhar95.png,1
aadhar96.png,1
aadhar97.png,1
aadhar98.png,1
aadhar99.png,1
aadhar184.png,1
aadhar185.png,1
aadhar186.png,1
aadhar187.png,1
aadhar188.png,1
aadhar189.png,1
aadhar190.png,1
aadhar191.png,1
aadhar192.png,1
aadhar193.png,1
aadhar194.png,1
aadhar195.png,1
aadhar196.png,1
aadhar197.png,1
aadhar198.png,1
aadhar199.png,1
aadhar200.png,1
aadhar201.png,1
aadhar202.png,1
aadhar203.png,1
aadhar204.png,1
